{
    "data": [
             {
             "is_stick": false,
             "title": "实时数据一",
             "group_name": "仪表盘",
             "dashboard_type": "ring",
             "target_url": "https://www.baidu.com",
             "unit": "万",
             "data": {
             "high_light": {
             "percentage": false,
             "number": "88",
             "compare": "100",
             "arrow": null
             },
             "chart_data": []
             }
             },
             {
             "is_stick": false,
             "title": "实时数据二",
             "group_name": "仪表盘",
             "dashboard_type": "bar",
             "target_url": "https://www.baidu.com",
             "unit": "元",
             "data": {
             "high_light": {
             "percentage": false,
             "number": "29900",
             "compare": "28800",
             "arrow": 1
             },
             "chart_data": [
                            32300,
                            26800,
                            27600,
                            29900,
                            28800
                            ]
             }
             },
             {
             "is_stick": false,
             "title": "实时数据三",
             "group_name": "仪表盘",
             "dashboard_type": "line",
             "target_url": "https://www.baidu.com",
             "unit": "元",
             "data": {
             "high_light": {
             "percentage": false,
             "number": "22200",
             "compare": "28800",
             "arrow": 3
             },
             "chart_data": [
                            32300,
                            26800,
                            27600,
                            29900
                            ]
             }
             },
             {
             "is_stick": false,
             "title": "实时数据四",
             "group_name": "仪表盘",
             "dashboard_type": "number",
             "target_url": "https://www.baidu.com",
             "unit": "",
             "data": {
             "high_light": {
             "percentage": true,
             "number": "0.017",
             "compare": "0.023",
             "arrow": null
             },
             "chart_data": []
             }
             },
             {
             "is_stick": false,
             "title": "模板五测试",
             "group_name": "测试",
             "dashboard_type": "line",
             "target_url": "mobile/v2/group/%@/template/5/report/9903",
             "unit": null,
             "data": {
             "high_light": {
             "percentage": false,
             "number": null,
             "compare": null,
             "arrow": 0
             },
             "chart_data": []
             }
             },
             {
             "is_stick": true,
             "title": "实时数据",
             "group_name": "仪表盘测试三",
             "dashboard_type": "line",
             "target_url": "https://www.baidu.com",
             "unit": "万",
             "data": {
             "high_light": {
             "percentage": false,
             "number": "255",
             "compare": "268",
             "arrow": 4
             },
             "chart_data": [
                            323,
                            268,
                            276,
                            299
                            ]
             }
             },
             {
             "is_stick": true,
             "title": "实时数据",
             "group_name": "仪表盘测试一",
             "dashboard_type": "ring",
             "target_url": "https://www.baidu.com",
             "unit": "元",
             "data": {
             "high_light": {
             "percentage": false,
             "number": "21100",
             "compare": "28800",
             "arrow": null
             },
             "chart_data": []
             }
             },
             {
             "is_stick": true,
             "title": "实时数据",
             "group_name": "仪表盘测试八",
             "dashboard_type": "number",
             "target_url": "https://www.baidu.com",
             "unit": "万",
             "data": {
             "high_light": {
             "percentage": false,
             "number": "456",
             "compare": "666",
             "arrow": 3
             },
             "chart_data": []
             }
             },
             {
             "is_stick": true,
             "title": "实时数据",
             "group_name": "仪表盘测试二",
             "dashboard_type": "bar",
             "target_url": null,
             "unit": "元",
             "data": {
             "high_light": {
             "percentage": false,
             "number": "29900",
             "compare": "27700" ,
             "arrow": 1
             },
             "chart_data": [
                            32300,
                            26800,
                            27600,
                            29900,
                            28800
                            ]
             }
             }
             ],
    "code": 200
}
